{
  "splash-setting": {
    "url": "project://assets/img/加载背景@2x.png",
    "displayWatermark": true,
    "totalTime": 1000,
    "displayRatio": 1,
    "clearColor": {
      "x": 0.8784313725490196,
      "y": 0.8784313725490196,
      "z": 0.8784313725490196,
      "w": 1
    }
  }
}
